{
	"class_name" : "PinholeCameraParameters",
	"extrinsic" : 
	[
		0.99894357413528656,
		-0.029811520930390734,
		-0.034971544341594316,
		0.0,
		-0.036269334707114,
		-0.97878652337391636,
		-0.20164691175791785,
		0.0,
		-0.028218275172706031,
		0.2027022813917472,
		-0.97883375200534362,
		0.0,
		-0.55651349215448953,
		0.4120253632870941,
		2.0000053992239213,
		1.0
	],
	"intrinsic" : 
	{
		"height" : 512,
		"intrinsic_matrix" : 
		[
			443.40500673763262,
			0.0,
			0.0,
			0.0,
			443.40500673763262,
			0.0,
			255.5,
			255.5,
			1.0
		],
		"width" : 512
	},
	"version_major" : 1,
	"version_minor" : 0
}