{
	"class_name" : "PinholeCameraParameters",
	"extrinsic" : 
	[
		0.98238467336900104,
		0.18637922855842903,
		0.013532800583997072,
		0.0,
		0.18325999626612563,
		-0.97504326821811416,
		0.12532517253560255,
		0.0,
		0.03655307508570213,
		-0.12063750770180807,
		-0.99202341929879623,
		0.0,
		-0.68686147709250578,
		0.43432691732180506,
		1.6063051101723438,
		1.0
	],
	"intrinsic" : 
	{
		"height" : 512,
		"intrinsic_matrix" : 
		[
			443.40500673763262,
			0.0,
			0.0,
			0.0,
			443.40500673763262,
			0.0,
			255.5,
			255.5,
			1.0
		],
		"width" : 512
	},
	"version_major" : 1,
	"version_minor" : 0
}