{
	"class_name" : "PinholeCameraParameters",
	"extrinsic" : 
	[
		0.99971529942832071,
		-0.0094566509157241081,
		-0.021906433812956722,
		0.0,
		-0.01346261464038697,
		-0.9815658006077157,
		-0.19064977598827307,
		0.0,
		-0.019699697865392701,
		0.19089041576462765,
		-0.98141365951020876,
		0.0,
		-0.57235965953989498,
		0.40696719645553958,
		1.7801801375697672,
		1.0
	],
	"intrinsic" : 
	{
		"height" : 512,
		"intrinsic_matrix" : 
		[
			443.40500673763262,
			0.0,
			0.0,
			0.0,
			443.40500673763262,
			0.0,
			255.5,
			255.5,
			1.0
		],
		"width" : 512
	},
	"version_major" : 1,
	"version_minor" : 0
}